120000	Rat	Inunezumi	120000_battle.lua		Inunezumi120000Battle_Activate;Inunezumi120000Battle_Update;Inunezumi120000Battle_Terminate;Inunezumi120000Battle_Interupt	120000;Inunezumi120000Battle;;1;0;0;0
120100	Small Rat	SmallInunezumi	120100_battle.lua		SmallInunezumi120100Battle_Activate;SmallInunezumi120100Battle_Update;SmallInunezumi120100Battle_Terminate;SmallInunezumi120100Battle_Interupt	120100;SmallInunezumi120100Battle;;1;0;0;0
120200	Large Rat	BigInunezumi	120200_battle.lua		BigInunezumi120200Battle_Activate;BigInunezumi120200Battle_Update;BigInunezumi120200Battle_Terminate;BigInunezumi120200Battle_Interupt	120200;BigInunezumi120200Battle;;1;0;0;0
120300	Snow Rat	SnowInunezumi	120300_battle.lua		SnowInunezumi120300Battle_Activate;SnowInunezumi120300Battle_Update;SnowInunezumi120300Battle_Terminate;SnowInunezumi120300Battle_Interupt	120300;SnowInunezumi120300Battle;;1;0;0;0
206000	Infested Ghoul (Sword)	Ghoul_Sword	206000_battle.lua		Ghoul_Sword206000Battle_Activate;Ghoul_Sword206000_Act05;Ghoul_Sword206000_Act06;Ghoul_Sword206000_Act08;Ghoul_Sword206000_Act10;Ghoul_Sword206000Battle_Update;Ghoul_Sword206000Battle_Terminate;Ghoul_Sword206000Battle_Interupt	206000;Ghoul_Sword206000Battle;;1;0;0;0
206001	Infested Ghoul (Spear)	Ghoul_Spear	206001_battle.lua		Ghoul_Spear206001Battle_Activate;Ghoul_Spear206001_Act05;Ghoul_Spear206001_Act06;Ghoul_Spear206001_Act08;Ghoul_Spear206001_Act10;Ghoul_Spear206001Battle_Update;Ghoul_Spear206001Battle_Terminate;Ghoul_Spear206001Battle_Interupt	206001;Ghoul_Spear206001Battle;;1;0;0;0
206002	Infested Ghoul (Corpse)	Ghoul_Human	206002_battle.lua		Ghoul_Human206002Battle_Activate;Ghoul_Human206002_Act05;Ghoul_Human206002_Act06;Ghoul_Human206002_Act08;Ghoul_Human206002_Act10;Ghoul_Human206002Battle_Update;Ghoul_Human206002Battle_Terminate;Ghoul_Human206002Battle_Interupt	206002;Ghoul_Human206002Battle;;1;0;0;0
223000	Stray Demon	GreaterDemon	223000_battle.lua		GreaterDemon223000Battle_Activate;GreaterDemon223000_Act01;GreaterDemon223000_Act04;GreaterDemon223000_Act05;GreaterDemon223000_Act06;GreaterDemon223000_Act07;GreaterDemon223000_Act08;GreaterDemon223000_Act09;GreaterDemon223000_ActAfter_AdjustSpace;GreaterDemon223000Battle_Update;GreaterDemon223000Battle_Terminate;GreaterDemon223000Battle_Interupt	223000;GreaterDemon223000Battle;;1;0;0;0
223100	Demon Firesage	SnowDemon	223100_battle.lua		SnowDemon223100Battle_Activate;SnowDemon223100_Act01;SnowDemon223100_Act04;SnowDemon223100_Act05;SnowDemon223100_Act06;SnowDemon223100_Act07;SnowDemon223100_Act08;SnowDemon223100_ActAfter_AdjustSpace;SnowDemon223100Battle_Update;SnowDemon223100Battle_Terminate;SnowDemon223100Battle_Interupt	223100;SnowDemon223100Battle;;1;0;0;0
223200	Asylum Demon	MiniGreaterDemon	223200_battle.lua		MiniGreaterDemon223200Battle_Activate;MiniGreaterDemon223200_Act01;MiniGreaterDemon223200_Act02;MiniGreaterDemon223200_Act03;MiniGreaterDemon223200_Act04;MiniGreaterDemon223200_Act05;MiniGreaterDemon223200_Act06;MiniGreaterDemon223200_Act07;MiniGreaterDemon223200_Act08;MiniGreaterDemon223200_Act09;MiniGreaterDemon223200_Act10;MiniGreaterDemon223200_Act11;MiniGreaterDemon223200_Act12;MiniGreaterDemon223200_Act13;MiniGreaterDemon223200_Act14;MiniGreaterDemon223200_Act15;MiniGreaterDemon223200_Act16;MiniGreaterDemon223200Battle_Update;MiniGreaterDemon223200_ActAfter_AdjustSpace;MiniGreaterDemon223200Battle_Terminate;MiniGreaterDemon223200Battle_Interupt	223200;MiniGreaterDemon223200Battle;;1;0;0;0
224000	Capra Demon	Nata	224000_battle.lua		Nata224000Battle_Activate;Nata224000_Act01;Nata224000_Act02;Nata224000_Act04;Nata224000_Act07;Nata224000_Act08;Nata224000_ActAfter_AdjustSpace;Nata224000Battle_Update;Nata224000Battle_Terminate;Nata224000Battle_Interupt	224000;Nata224000Battle;;1;0;0;0
225000	Taurus Demon	Hammer_m10	225000_battle.lua		OnIf_225000;Hammer_m10_225000Battle_Activate;Hammer_m10_225000_Act01;Hammer_m10_225000_Act02;Hammer_m10_225000_Act03;Hammer_m10_225000_Act04;Hammer_m10_225000_Act05;Hammer_m10_225000_Act06;Hammer_m10_225000_Act07;Hammer_m10_225000_Act08;Hammer_m10_225000_Act09;Hammer_m10_225000_Act10;Hammer_m10_225000_Act11;Hamme_m10_r225000_Act12;Hammer_m10_225000_GetWellSpace_Act;Hammer_m10_225000Battle_Update;Hammer_m10_225000Battle_Terminate;Hammer_m10_225000Battle_Interupt	225000;Hammer_m10_225000Battle;;1;0;0;0
225001	Taurus Demon	Hammer_m11	225001_battle.lua		Hammer_m11_225001Battle_Activate;Hammer225001_Act01;Hammer225001_Act02;Hammer225001_Act03;Hammer225001_Act04;Hammer225001_Act05;Hammer225001_Act06;Hammer225001_Act07;Hammer225001_Act08;Hammer225001_Act09;Hammer225001_Act10;Hammer225001_Act11;Hammer225001_Act12;Hammer225001_GetWellSpace_Act;Hammer_m11_225001Battle_Update;Hammer_m11_225001Battle_Terminate;Hammer_m11_225001Battle_Interupt	225001;Hammer_m11_225001Battle;;1;0;0;0
225002	Taurus Demon	Hammer	225002_battle.lua		Hammer225002Battle_Activate;Hammer225002_Act01;Hammer225002_Act02;Hammer225002_Act03;Hammer225002_Act04;Hammer225002_Act05;Hammer225002_Act06;Hammer225002_GetWellSpace_Act;Hammer225002Battle_Update;Hammer225002Battle_Terminate;Hammer225002Battle_Interupt	225002;Hammer225002Battle;;1;0;0;0
226000	Batwing Demon	SpearDemon	226000_battle.lua		SpearDemon226000Battle_Activate;SpearDemon226000_Act05;SpearDemon226000_Act07;SpearDemon226000_ActAfter_AdjustSpace;SpearDemon226000Battle_Update;SpearDemon226000Battle_Terminate;SpearDemon226000Battle_Interupt	226000;SpearDemon226000Battle;;1;0;0;0
227000	Mushroom Parent	Kinoko	227000_battle.lua		Kinoko227000Battle_Activate;Kinoko227000Battle_Update;Kinoko227000Battle_Terminate;Kinoko227000Battle_Interupt	227000;Kinoko227000Battle;;1;0;0;0
228000	Mushroom Child	KinokoChild	228000_battle.lua		KinokoChild228000Battle_Activate;KinokoChild228000Battle_Update;KinokoChild228000Battle_Terminate;KinokoChild228000Battle_Interupt	228000;KinokoChild228000Battle;;1;0;0;0
228001	Mushroom Child	KinokoChild_m12	228001_battle.lua		KinokoChild_m12_228001Battle_Activate;KinokoChild_m12_228001Battle_Update;KinokoChild_m12_228001Battle_Terminate;KinokoChild_m12_228001Battle_Interupt	228001;KinokoChild_m12_228001Battle;;1;0;0;0
230000	Prowling Demon (aka Titanite Demon)	HaikaiDemon	230000_battle.lua		HaikaiDemon230000Battle_Activate;HaikaiDemon230000Battle_Update;HaikaiDemon230000Battle_Terminate;HaikaiDemon230000Battle_Interupt	230000;HaikaiDemon230000Battle;;1;0;0;0
231000	Crow Demon	Kyochojin	231000_battle.lua	231000_logic.lua	OnIf_231000;Kyochojin231000Battle_Activate;Kyochojin231000Battle_Update;Kyochojin231000Battle_Terminate;Kyochojin231000Battle_Interupt;Kyochojin231000_Logic;Kyochojin231000_Interupt	231000;Kyochojin231000Battle;;1;0;0;0|231000;Kyochojin231000_Logic;Kyochojin231000_Interupt;0;1;0;0
232000	Iron Golem	IronGolem	232000_battle.lua		IronGolem232000Battle_Activate;IronGolem232000_Act00;IronGolem232000_Act01;IronGolem232000_Act02;IronGolem232000_Act03;IronGolem232000_Act04;IronGolem232000_Act05;IronGolem232000_Act06;IronGolem232000_Act07;IronGolem232000_Act08;IronGolem232000_Act09;IronGolem232000_Act10;IronGolem232000_Act11;IronGolem232000_Act12;IronGolem232000_Act13;IronGolem232000Battle_Update;IronGolem232000Battle_Terminate;IronGolem232000Battle_Interupt	232000;IronGolem232000Battle;;1;0;0;0
233000	Demonic Foliage 	Jujin	233000_battle.lua		Jujin233000Battle_Activate;Jujin233000_Act04;Jujin233000Battle_Update;Jujin233000Battle_Terminate;Jujin233000Battle_Interupt	233000;Jujin233000Battle;;1;0;0;0
236000	Smough	FourKnightC	236000_battle.lua		OnIf_236000;FourKnightC236000Battle_Activate;FourKnightC236000_Act01;FourKnightC236000_Act02;FourKnightC236000_Act03;FourKnightC236000_Act04;FourKnightC236000_Act05;FourKnightC236000_Act06;FourKnightC236000_Act07;FourKnightC236000_Act08;FourKnightC236000_GetWellSpace_Act;FourKnightC236000Battle_Update;FourKnightC236000Battle_Terminate;FourKnightC236000Battle_Interupt	236000;FourKnightC236000Battle;;1;0;0;0
236001	Super Smough	FourKnightC_Thunder	236001_battle.lua		OnIf_236001;FourKnightC_Thunder236001Battle_Activate;FourKnightC_Thunder236001_Act01;FourKnightC_Thunder236001_Act02;FourKnightC_Thunder236001_Act03;FourKnightC_Thunder236001_Act04;FourKnightC_Thunder236001_Act05;FourKnightC_Thunder236001_Act06;FourKnightC_Thunder236001_Act07;FourKnightC_Thunder236001_Act08;FourKnightC_Thunder236001_GetWellSpace_Act;FourKnightC_Thunder236001Battle_Update;FourKnightC_Thunder236001Battle_Terminate;FourKnightC_Thunder236001Battle_Interupt	236001;FourKnightC_Thunder236001Battle;;1;0;0;0
237000	Channeler	FourKnightD	237000_battle.lua		FourKnightD237000Battle_Activate;FourKnightD237000_Act01;FourKnightD237000_Act03;FourKnightD237000_Act04;FourKnightD237000_Act05;FourKnightD237000_Act06;FourKnightD237000_Act07;FourKnightD237000_ActAfter_AdjustSpace;OnIf_237000;FourKnightD237000Battle_Update;FourKnightD237000Battle_Terminate;FourKnightD237000Battle_Interupt	237000;FourKnightD237000Battle;;1;0;0;0
237001	Channeler	FourKnightD_m17	237001_battle.lua		FourKnightD_m17_237001Battle_Activate;FourKnightD_m17_237001_Act01;FourKnightD_m17_237001_Act03;FourKnightD_m17_237001_Act05;FourKnightD_m17_237001_Act07;FourKnightD_m17_237001_ActAfter_AdjustSpace;OnIf_237001;FourKnightD_m17_237001Battle_Update;FourKnightD_m17_237001Battle_Terminate;FourKnightD_m17_237001Battle_Interupt	237001;FourKnightD_m17_237001Battle;;1;0;0;0
238000	Giant Stone Knight	ClayDoll	238000_battle.lua		ClayDoll238000Battle_Activate;ClayDoll238000_Act01;ClayDoll238000_Act02;ClayDoll238000_Act03;ClayDoll238000_Act05;ClayDoll238000_Act09;ClayDoll238000Battle_Update;ClayDoll238000Battle_Terminate;ClayDoll238000Battle_Interupt	238000;ClayDoll238000Battle;;1;0;0;0
239000	Darkwraith	Darkwraith	239000_battle.lua		Darkwraith239000Battle_Activate;Darkwraith239000_Act02;Darkwraith239000_Act04;Darkwraith239000Battle_Update;Darkwraith239000Battle_Terminate;Darkwraith239000Battle_Interupt	239000;Darkwraith239000Battle;;1;0;0;0
240000	Painting Guardian	Assassin	240000_battle.lua		OnIf_240000;Assassin240000Battle_Activate;Assassin240000_Act01;Assassin240000_Act02;Assassin240000_Act04;Assassin240000_Act05;Assassin240000_Act06;Assassin240000_Act07;Assassin240000_Act09;Assassin240000_Act10;Assassin240000_Act11;Assassin240000_Act12;Assassin240000_Act15;Assassin240000_ActAfter_AdjustSpace;Assassin240000Battle_Update;Assassin240000Battle_Terminate;Assassin240000Battle_Interupt	240000;Assassin240000Battle;;1;0;0;0
240001	Painting Guardian	Assassin_shot	240001_battle.lua		OnIf_240001;Assassin_shot240001Battle_Activate;Assassin_shot240001_Act01;Assassin_shot240001_Act02;Assassin_shot240001_Act04;Assassin_shot240001_Act05;Assassin_shot240001_Act07;Assassin_shot240001_Act09;Assassin_shot240001_Act10;Assassin_shot240001_Act11;Assassin_shot240001_Act12;Assassin_shot240001_ActAfter_AdjustSpace;Assassin_shot240001Battle_Update;Assassin_shot240001Battle_Terminate;Assassin_shot240001Battle_Interupt	240001;Assassin_shot240001Battle;;1;0;0;0
241000	Silver Knight (Sword)	WhiteKnight_Sword	241000_battle.lua		WhiteKnight_Sword241000Battle_Activate;WhiteKnight_Sword241000_Act01;WhiteKnight_Sword241000_Act02;WhiteKnight_Sword241000_Act04;WhiteKnight_Sword241000_Act05;WhiteKnight_Sword241000_Act06;WhiteKnight_Sword241000_Act07;WhiteKnight_Sword241000_ActAfter_AdjustSpace;WhiteKnight_Sword241000Battle_Update;WhiteKnight_Sword241000Battle_Terminate;WhiteKnight_Sword241000Battle_Interupt	241000;WhiteKnight_Sword241000Battle;;1;0;0;0
241001	Silver Knight (great sword)	WhiteKnight_Lar_Sw	241001_battle.lua		WhiteKnight_Lar_Sw241001Battle_Activate;WhiteKnight_Lar_Sw241001_Act02;WhiteKnight_Lar_Sw241001_Act05;WhiteKnight_Lar_Sw241001_Act06;WhiteKnight_Lar_Sw241001_ActAfter_AdjustSpace;WhiteKnight_Lar_Sw241001Battle_Update;WhiteKnight_Lar_Sw241001Battle_Terminate;WhiteKnight_Lar_Sw241001Battle_Interupt	241001;WhiteKnight_Lar_Sw241001Battle;;1;0;0;0
241002	Silver Knight (axe)	WhiteKnight_Ax	241002_battle.lua		WhiteKnight_Ax241002Battle_Activate;WhiteKnight_Ax241002_Act02;WhiteKnight_Ax241002_Act05;WhiteKnight_Ax241002_ActAfter_AdjustSpace;WhiteKnight_Ax241002Battle_Update;WhiteKnight_Ax241002Battle_Terminate;WhiteKnight_Ax241002Battle_Interupt	241002;WhiteKnight_Ax241002Battle;;1;0;0;0
241003	Silver Knight (Spear)	WhiteKnight_Spear	241003_battle.lua		WhiteKnight_Spear241003Battle_Activate;WhiteKnight_Spear241003_Act03;WhiteKnight_Spear241003_Act04;WhiteKnight_Spear241003_Act05;WhiteKnight_Spear241003_Act06;WhiteKnight_Spear241003_Act09;WhiteKnight_Spear241003_ActAfter_AdjustSpace;WhiteKnight_Spear241003Battle_Update;WhiteKnight_Spear241003Battle_Terminate;WhiteKnight_Spear241003Battle_Interupt	241003;WhiteKnight_Spear241003Battle;;1;0;0;0
241004	Silver Knight (Archer)	WhiteKnight_Bow	241004_battle.lua		WhiteKnight_Bow241004Battle_Activate;WhiteKnight_Bow241004_Act01;WhiteKnight_Bow241004_Act02;WhiteKnight_Bow241004_Act04;WhiteKnight_Bow241004_Act05;WhiteKnight_Bow241004_Act06;WhiteKnight_Bow241004_Act07;WhiteKnight_Bow241004_Act08;WhiteKnight_Bow241004_Act09;WhiteKnight_Bow241004_Act10;WhiteKnight_Bow241004_ActAfter_AdjustSpace;WhiteKnight_Bow241004Battle_Update;WhiteKnight_Bow241004Battle_Terminate;WhiteKnight_Bow241004Battle_Interupt	241004;WhiteKnight_Bow241004Battle;;1;0;0;0
243000	Demonic Statue	MovingStatue	243000_battle.lua		MovingStatue243000Battle_Activate;MovingStatue243000_Act01;MovingStatue243000_Act02;MovingStatue243000Battle_Update;MovingStatue243000Battle_Terminate;MovingStatue243000Battle_Interupt	243000;MovingStatue243000Battle;;1;0;0;0
250000	Hollow	Husi	250000_battle.lua		Husi250000Battle_Activate;Husi250000_Act02;Husi250000_Act07;Husi250000_Act08;Husi250000Battle_Update;Husi250000Battle_Terminate;Husi250000Battle_Interupt	250000;Husi250000Battle;;1;0;0;0
250001	Torch Hollow	Husi_Torch	250001_battle.lua		Husi_Torch250001Battle_Activate;Husi_Torch250001_Act07;Husi_Torch250001Battle_Update;Husi_Torch250001Battle_Terminate;Husi_Torch250001Battle_Interupt	250001;Husi_Torch250001Battle;;1;0;0;0
250004	Hollow	Husi	250004_battle.lua		Husi250004Battle_Activate;Husi250004_Act01;Husi250004_Act02;Husi250004_Act03;Husi250004Battle_Update;Husi250004Battle_Terminate;Husi250004Battle_Interupt	250004;Husi250004Battle;;1;0;0;0
250005	Hollow Archer	Husi_Bow	250005_battle.lua		Husi_Bow250005Battle_Activate;Husi_Bow250005_Act02;Husi_Bow250005_Act01;Husi_Bow250005_Act03;Husi_Bow250005Battle_Update;Husi_Bow250005Battle_Terminate;Husi_Bow250005Battle_Interupt	250005;Husi_Bow250005Battle;;1;0;0;0
251000	Undead Merchant	HusibitoKojiki	251000_battle.lua	251000_logic.lua	HusibitoKojiki251000Battle_Activate;HusibitoKojiki251000Battle_Update;HusibitoKojiki251000Battle_Terminate;HusibitoKojiki251000Battle_Interupt	251000;HusibitoKojiki251000Battle;;1;0;0;0
252000	Undead Assassin	Husi_robber	252000_battle.lua		OnIf_252000;Husi_robber252000Battle_Activate;Husi_robber252000_Act01;Husi_robber252000_Act02;Husi_robber252000_Act05;Husi_robber252000_Act07;Husi_robber252000_Act09;Husi_robber252000Battle_Update;Husi_robber252000Battle_Terminate;Husi_robber252000Battle_Interupt	252000;Husi_robber252000Battle;;1;0;0;0
253000	Blowdart Sniper	HusiMino_Kon	253000_battle.lua		HusiMino_Kon253000Battle_Activate;HusiMino_Kon253000_Act04;HusiMino_Kon253000_Act07;HusiMino_Kon253000Battle_Update;HusiMino_Kon253000Battle_Terminate;HusiMino_Kon253000Battle_Interupt	253000;HusiMino_Kon253000Battle;;1;0;0;0
253001	Blowdart Sniper	HusiMino_Poison	253001_battle.lua		HusiMino_Poison253001Battle_Activate;HusiMino_Poison253001_Act04;HusiMino_Poison253001_Act07;HusiMino_Poison253001Battle_Update;HusiMino_Poison253001Battle_Terminate;HusiMino_Poison253001Battle_Interupt	253001;HusiMino_Poison253001Battle;;1;0;0;0
253002	Blowdart Sniper	HusiMino_Gun	253002_battle.lua		HusiMino_Gun253002Battle_Activate;HusiMino_Gun253002Battle_Update;HusiMino_Gun253002Battle_Terminate;HusiMino_Gun253002Battle_Interupt	253002;HusiMino_Gun253002Battle;;1;0;0;0
254000	Armored Hollow (Sword)	HusiFight_Sword	254000_battle.lua		HusiFight_Sword254000Battle_Activate;HusiFight_Sword254000_Act03;HusiFight_Sword254000_Act05;HusiFight_Sword254000_Act07;HusiFight_Sword254000_Act08;HusiFight_Sword254000Battle_Update;HusiFight_Sword254000Battle_Terminate;HusiFight_Sword254000Battle_Interupt	254000;HusiFight_Sword254000Battle;;1;0;0;0
254001	Armored Hollow (Axe)	HusiFight_Ax	254001_battle.lua		HusiFight_Ax254001Battle_Activate;HusiFight_Ax254001_Act03;HusiFight_Ax254001_Act05;HusiFight_Ax254001_Act07;HusiFight_Ax254001_Act08;HusiFight_Ax254001Battle_Update;HusiFight_Ax254001Battle_Terminate;HusiFight_Ax254001Battle_Interupt	254001;HusiFight_Ax254001Battle;;1;0;0;0
254002	Armored Hollow (Firebomb)	HusiFight_Firebom	254002_battle.lua		HusiFight_FireBom254002Battle_Activate;HusiFight_FireBom254002_Act03;HusiFight_FireBom254002_Act05;HusiFight_FireBom254002_Act06;HusiFight_FireBom254002_Act07;HusiFight_FireBom254002_Act08;OnIf_254002;HusiFight_FireBom254002Battle_Update;HusiFight_FireBom254002Battle_Terminate;HusiFight_FireBom254002Battle_Interupt	254002;HusiFight_FireBom254002Battle;;1;0;0;0
255000	Undead Soldier (Spear)	HusiHeavy_Spear	255000_battle.lua		OnIf_255000;HusiHeavy_Spear255000Battle_Activate;HusiHeavy_Spear255000_AfterAttackAct01;HusiHeavy_Spear255000Battle_Update;HusiHeavy_Spear255000Battle_Terminate;HusiHeavy_Spear255000Battle_Interupt	255000;HusiHeavy_Spear255000Battle;;1;0;0;0
255001	Undead Soldier (Longsword)	HusiHeavy_Long	255001_battle.lua		OnIf_255001;HusiHeavy_Long255001Battle_Activate;HusiHeavy_Long255001_Act02;HusiHeavy_Long255001_Act05;HusiHeavy_Long255001_Act07;HusiHeavy_Long255001_Act08;HusiHeavy_Long255001Battle_Update;HusiHeavy_Long255001Battle_Terminate;HusiHeavy_Long255001Battle_Interupt	255001;HusiHeavy_Long255001Battle;;1;0;0;0
255002	Undead Soldier (Crossbow)	HusiHeavy_Bow	255002_battle.lua		OnIf_255002;HusiHeavy_Bow255002Battle_Activate;HusiHeavy_Bow255002_Act01;HusiHeavy_Bow255002_Act02;HusiHeavy_Bow255002_Act03;HusiHeavy_Bow255002_Act04;HusiHeavy_Bow255002_Act05;HusiHeavy_Bow255002_Act06;HusiHeavy_Bow255002_Act07;HusiHeavy_Bow255002_Act08;HusiHeavy_Bow255002_Act09;HusiHeavy_Bow255002_Act10;HusiHeavy_Bow255002Battle_Update;HusiHeavy_Bow255002Battle_Terminate;HusiHeavy_Bow255002Battle_Interupt	255002;HusiHeavy_Bow255002Battle;;1;0;0;0
255003	Undead Soldier (Crossbow)	HusiHeavy_Bow	255003_battle.lua		HusiHeavy_Bow255003Battle_Activate;HusiHeavy_Bow255003Battle_Update;HusiHeavy_Bow255003Battle_Terminate;HusiHeavy_Bow255003Battle_Interupt	255003;HusiHeavy_Bow255003Battle;;1;0;0;0
255006	Armored Hollow (Crossbow)	HusiHeavy_Bow_only	255006_battle.lua		OnIf_255006;HusiHeavy_Bow_only255006Battle_Activate;HusiHeavy_Bow_only255006_Act01;HusiHeavy_Bow_only255006_Act02;HusiHeavy_Bow_only255006_Act03;HusiHeavy_Bow_only255006_Act04;HusiHeavy_Bow_only255006Battle_Update;HusiHeavy_Bow_only255006Battle_Terminate;HusiHeavy_Bow_only255006Battle_Interupt	255006;HusiHeavy_Bow_only255006Battle;;1;0;0;0
256000	Balder Knight (Balder Side Sword)	LightKnight_Sword	256000_battle.lua		OnIf_256000;LightKnight_Sword256000Battle_Activate;LightKnight_Sword256000_Act05;LightKnight_Sword256000_Act06;LightKnight_Sword256000_Act08;LightKnight_Sword256000Battle_Update;LightKnight_Sword256000Battle_Terminate;LightKnight_Sword256000Battle_Interupt	256000;LightKnight_Sword256000Battle;;1;0;0;0
256001	Balder Knight (Crossbow)	LightKnight_Bow	256001_battle.lua		OnIf_256001;LightKnight_Bow256001Battle_Activate;LightKnight_Bow256001Battle_Update;LightKnight_Bow256001Battle_Terminate;LightKnight_Bow256001Battle_Interupt	256001;LightKnight_Bow256001Battle;;1;0;0;0
256002	Balder Knight (Rapier)	LightKnight_Rapier	256002_battle.lua		OnIf_256002;LightKnight_Rapier256002Battle_Activate;LightKnight_Rapier256002_Act04;LightKnight_Rapier256002Battle_Update;LightKnight_Rapier256002Battle_Terminate;LightKnight_Rapier256002Battle_Interupt	256002;LightKnight_Rapier256002Battle;;1;0;0;0
257000	Heavy Knight (Berenike Knight - Sword)	HeavyKnight_Sword	257000_battle.lua		OnIf_257000;HeavyKnight_Sword257000Battle_Activate;HeavyKnight_Sword257000_Act01;HeavyKnight_Sword257000_Act02;HeavyKnight_Sword257000_Act03;HeavyKnight_Sword257000_Act04;HeavyKnight_Sword257000_Act05;HeavyKnight_Sword257000_Act06;HeavyKnight_Sword257000_Act07;HeavyKnight_Sword257000Battle_Update;HeavyKnight_Sword257000Battle_Terminate;HeavyKnight_Sword257000Battle_Interupt	257000;HeavyKnight_Sword257000Battle;;1;0;0;0
257001	Heavy Knight (Berenike Knight - Mace)	HeavyKnight_Mace	257001_battle.lua		OnIf_257001;HeavyKnight_Mace257001Battle_Activate;HeavyKnight_Mace257001_Act01;HeavyKnight_Mace257001_Act02;HeavyKnight_Mace257001_Act03;HeavyKnight_Mace257001_Act04;HeavyKnight_Mace257001_Act05;HeavyKnight_Mace257001_Act06;HeavyKnight_Mace257001_Act07;HeavyKnight_Mace257001_Act09;HeavyKnight_Mace257001Battle_Update;HeavyKnight_Mace257001Battle_Terminate;HeavyKnight_Mace257001Battle_Interupt	257001;HeavyKnight_Mace257001Battle;;1;0;0;0
264000	Andre of Astora	KajiyaAndre	264000_battle.lua		KajiyaAndre264000Battle_Activate;KajiyaAndre264000_Act02;KajiyaAndre264000_Act03;KajiyaAndre264000_Act04;KajiyaAndre264000_Act05;KajiyaAndre264000_Act06;KajiyaAndre264000_ActAfter_AdjustSpace;KajiyaAndre264000Battle_Update;KajiyaAndre264000Battle_Terminate;KajiyaAndre264000Battle_Interupt	264000;KajiyaAndre264000Battle;;1;0;0;0
265000	Necromancer	Husi_Haka	265000_battle.lua		Husi_Haka265000Battle_Activate;Husi_Haka265000_Act01;Husi_Haka265000_Act02;Husi_Haka265000_Act04;Husi_Haka265000_Act05;Husi_Haka265000Battle_Update;Husi_Haka265000Battle_Terminate;Husi_Haka265000Battle_Interupt	265000;Husi_Haka265000Battle;;1;0;0;0
266000	Butcher	Husi_Chef	266000_battle.lua		Husi_Chef266000Battle_Activate;Husi_Chef266000_Act02;Husi_Chef266000_Act04;Husi_Chef266000Battle_Update;Husi_Chef266000Battle_Terminate;Husi_Chef266000Battle_Interupt	266000;Husi_Chef266000Battle;;1;0;0;0
267000	Ghost (Male)	Ghost_Male	267000_battle.lua	267000_logic.lua	Ghost_Male267000Battle_Activate;Ghost_Male267000_Act01;Ghost_Male267000_Act02;Ghost_Male267000_Act03;Ghost_Male267000_Act07;Ghost_Male267000_Act08;Ghost_Male267000Battle_Update;Ghost_Male267000Battle_Terminate;Ghost_Male267000Battle_Interupt;Ghost_Runaway267000_Logic;Ghost_Runaway267000_Interupt	267000;Ghost_Male267000Battle;;1;0;0;0|267000;Ghost_Runaway267000_Logic;Ghost_Runaway267000_Interupt;0;1;0;0
268000	Ghost (Female)	Ghost_Female	268000_battle.lua	268000_logic.lua	Ghost_Female268000Battle_Activate;Ghost_Female268000_Act01;Ghost_Female268000_Act03;Ghost_Female268000_Act06;Ghost_Female268000_Act07;Ghost_Female268000_Act08;Ghost_Female268000_Act09;Ghost_Female268000Battle_Update;Ghost_Female268000Battle_Terminate;Ghost_Female268000Battle_Interupt;Ghost_Runaway268000_Logic;Ghost_Runaway268000_Interupt	268000;Ghost_Female268000Battle;;1;0;0;0|268000;Ghost_Runaway268000_Logic;Ghost_Runaway268000_Interupt;0;1;0;0
269000	Serpent Soldier	HebibitoA	269000_battle.lua		HebibitoA269000Battle_Activate;HebibitoA269000_Act01;HebibitoA269000_Act02;HebibitoA269000_Act03;HebibitoA269000_Act04;HebibitoA269000_Act07;HebibitoA269000_Act09;HebibitoA269000Battle_Update;HebibitoA269000Battle_Terminate;HebibitoA269000Battle_Interupt	269000;HebibitoA269000Battle;;1;0;0;0
270000	Serpent Mage	HebibitoB	270000_battle.lua		HebibitoB270000Battle_Activate;HebibitoB270000_Act01;HebibitoB270000_Act04;HebibitoB270000_Act05;HebibitoB270000_Act07;HebibitoB270000_Act09;HebibitoB270000Battle_Update;HebibitoB270000Battle_Terminate;HebibitoB270000Battle_Interupt	270000;HebibitoB270000Battle;;1;0;0;0
270001	Serpent Mage	HebibitoB_shot	270001_battle.lua		HebibitoB_shot270001Battle_Activate;HebibitoB_shot270001_Act01;HebibitoB_shot270001_Act04;HebibitoB_shot270001_Act05;HebibitoB_shot270001_Act07;HebibitoB_shot270001_Act09;HebibitoB_shot270001Battle_Update;HebibitoB_shot270001Battle_Terminate;HebibitoB_shot270001Battle_Interupt	270001;HebibitoB_shot270001Battle;;1;0;0;0
271000	Crystal Golem	Crystal	271000_battle.lua		Crystal271000Battle_Activate;Crystal271000_Act01;Crystal271000_Act04;Crystal271000_Act05;Crystal271000_Act06;Crystal271000_Act07;Crystal271000_ActAfter_AdjustSpace;Crystal271000Battle_Update;Crystal271000Battle_Terminate;Crystal271000Battle_Interupt	271000;Crystal271000Battle;;1;0;0;0
271100	Golden Crystal Golem	CrystalAmber	271100_battle.lua		CrystalAmber271100Battle_Activate;CrystalAmber271100_Act01;CrystalAmber271100_Act04;CrystalAmber271100_Act05;CrystalAmber271100_Act06;CrystalAmber271100_Act07;CrystalAmber271100_ActAfter_AdjustSpace;CrystalAmber271100Battle_Update;CrystalAmber271100Battle_Terminate;CrystalAmber271100Battle_Interupt	271100;CrystalAmber271100Battle;;1;0;0;0
273000	Crossbreed Priscilla	Heroine	273000_battle.lua		Heroine273000Battle_Activate;Heroine273000_Act01;Heroine273000_Act02;Heroine273000_Act03;Heroine273000_Act04;Heroine273000_Act05;Heroine273000_Act06;Heroine273000_Act07;Heroine273000_Act08;Heroine273000Battle_Update;Heroine273000Battle_Terminate;Heroine273000Battle_Interupt	273000;Heroine273000Battle;;1;0;0;0
278000	Mimic	Mimic	278000_battle.lua		Mimic278000Battle_Activate;Mimic278000_Act00;Mimic278000_Act01;Mimic278000_Act02;Mimic278000_Act03;Mimic278000_Act04;Mimic278000_Act05;Mimic278000_Act06;Mimic278000_Act07;Mimic278000_Act08;Mimic278000_Act09;Mimic278000_Act10;Mimic278000Battle_Update;Mimic278000Battle_Terminate;Mimic278000Battle_Interupt	278000;Mimic278000Battle;;1;0;0;0
279000	Black Knight (Sword)	BlackKnight_Sword	279000_battle.lua		BlackKnight_Sword279000Battle_Activate;BlackKnight_Sword279000_Act01;BlackKnight_Sword279000_Act02;BlackKnight_Sword279000_Act04;BlackKnight_Sword279000_Act05;BlackKnight_Sword279000_Act06;BlackKnight_Sword279000_ActAfter_AdjustSpace;BlackKnight_Sword279000Battle_Update;BlackKnight_Sword279000Battle_Terminate;BlackKnight_Sword279000Battle_Interupt	279000;BlackKnight_Sword279000Battle;;1;0;0;0
279001	Black Knight (Great Sword)	BlackKnight_Lar_Sw	279001_battle.lua		BlackKnight_Lar_Sw279001Battle_Activate;BlackKnight_Lar_Sw279001_Act01;BlackKnight_Lar_Sw279001_Act02;BlackKnight_Lar_Sw279001_Act04;BlackKnight_Lar_Sw279001_Act05;BlackKnight_Lar_Sw279001_Act06;BlackKnight_Lar_Sw279001_Act07;BlackKnight_Lar_Sw279001_Act08;BlackKnight_Lar_Sw279001_ActAfter_AdjustSpace;BlackKnight_Lar_Sw279001Battle_Update;BlackKnight_Lar_Sw279001Battle_Terminate;BlackKnight_Lar_Sw279001Battle_Interupt	279001;BlackKnight_Lar_Sw279001Battle;;1;0;0;0
279002	Black Knight (Axe)	BlackKnight_Ax	279002_battle.lua		BlackKnight_Ax279002Battle_Activate;BlackKnight_Ax279002_Act01;BlackKnight_Ax279002_Act02;BlackKnight_Ax279002_Act04;BlackKnight_Ax279002_Act05;BlackKnight_Ax279002_Act06;BlackKnight_Ax279002_Act07;BlackKnight_Ax279002_ActAfter_AdjustSpace;BlackKnight_Ax279002Battle_Update;BlackKnight_Ax279002Battle_Terminate;BlackKnight_Ax279002Battle_Interupt	279002;BlackKnight_Ax279002Battle;;1;0;0;0
279003	Black Knight (Halberd)	BlackKnight_Spear	279003_battle.lua		BlackKnight_Spear279003Battle_Activate;BlackKnight_Spear279003_Act02;BlackKnight_Spear279003_Act05;BlackKnight_Spear279003_Act06;BlackKnight_Spear279003_Act07;BlackKnight_Spear279003_Act08;BlackKnight_Spear279003_ActAfter_AdjustSpace;BlackKnight_Spear279003Battle_Update;BlackKnight_Spear279003Battle_Terminate;BlackKnight_Spear279003Battle_Interupt	279003;BlackKnight_Spear279003Battle;;1;0;0;0
280000	Undead Crystal Soldier (Sword)	HusiCrystal_Sword	280000_battle.lua		HusiCrystal_Sword280000Battle_Activate;HusiCrystal_Sword280000_Act07;HusiCrystal_Sword280000_Act08;HusiCrystal_Sword280000Battle_Update;HusiCrystal_Sword280000Battle_Terminate;HusiCrystal_Sword280000Battle_Interupt	280000;HusiCrystal_Sword280000Battle;;1;0;0;0
280001	Undead Crystal Soldier (Bow)	HusiCrystal_Bow	280001_battle.lua		HusiCrystal_Bow280001Battle_Activate;HusiCrystal_Bow280001Battle_Update;HusiCrystal_Bow280001Battle_Terminate;HusiCrystal_Bow280001Battle_Interupt	280001;HusiCrystal_Bow280001Battle;;1;0;0;0
281000	Infested Barbarian (Club)	HusiBan	281000_battle.lua		HusiBan281000Battle_Activate;HusiBan281000Battle_Update;HusiBan281000Battle_Terminate;HusiBan281000Battle_Interupt	281000;HusiBan281000Battle;;1;0;0;0
281100	Infested Barbarian (Boulder)	HusiBanIwa	281100_battle.lua		HusiBanIwa281100Battle_Activate;HusiBanIwa281100_Act04;HusiBanIwa281100_Act06;HusiBanIwa281100_Act09;HusiBanIwa281100Battle_Update;HusiBanIwa281100Battle_Terminate;HusiBanIwa281100Battle_Interupt	281100;HusiBanIwa281100Battle;;1;0;0;0
283001	Phalanx	HusiPhalanx	283001_battle.lua		HusiPhalanx283001Battle_Activate;HusiPhalanx283001Battle_TukiCombo;HusiPhalanx283001Battle_Update;HusiPhalanx283001Battle_Terminate;HusiPhalanx283001Battle_Interupt	283001;HusiPhalanx283001Battle;;1;0;0;0
284000	Engorged Zombie (Torch)	HusiCongestion_Torch	284000_battle.lua		HusiCongestion_Torch284000Battle_Activate;HusiCongestion_Torch284000_Act04;HusiCongestion_Torch284000Battle_Update;HusiCongestion_Torch284000Battle_Terminate;HusiCongestion_Torch284000Battle_Interupt	284000;HusiCongestion_Torch284000Battle;;1;0;0;0
284001	Engorged Zombie	HusiCongestion_Hand	284001_battle.lua		HusiCongestion_Hand284001Battle_Activate;HusiCongestion_Hand284001_Act03;HusiCongestion_Hand284001_Act04;HusiCongestion_Hand284001_Act05;HusiCongestion_Hand284001_Act06;HusiCongestion_Hand284001Battle_Update;HusiCongestion_Hand284001Battle_Terminate;HusiCongestion_Hand284001Battle_Interupt	284001;HusiCongestion_Hand284001Battle;;1;0;0;0
286000	Giant	Giant	286000_battle.lua		Giant286000Battle_Activate;OnIf_286000;Giant286000Battle_Update;Giant286000Battle_Terminate;Giant286000Battle_Interupt	286000;Giant286000Battle;;1;0;0;0
286001	Giant	Giant_nt	286001_battle.lua		Giant_nt286001Battle_Activate;Giant_nt286001Battle_Update;Giant_nt286001Battle_Terminate;Giant_nt286001Battle_Interupt	286001;Giant_nt286001Battle;;1;0;0;0
287000	Sentinel or Royal Sentinel	GiantKnight	287000_battle.lua		OnIf_287000;GiantKnight287000Battle_Activate;GiantKnight287000_Act01;GiantKnight287000_Act02;GiantKnight287000_Act03;GiantKnight287000_Act04;GiantKnight287000_Act05;GiantKnight287000_Act06;GiantKnight287000_Act07;GiantKnight287000_Act08;GiantKnight287000_Act09;GiantKnight287000_Act10;GiantKnight287000_Act11;GiantKnight287000_ActAfter_AdjustSpace;GiantKnight287000Battle_Update;GiantKnight287000Battle_Terminate;GiantKnight287000Battle_Interupt	287000;GiantKnight287000Battle;;1;0;0;0
287001	Sentinel or Royal Sentinel	GiantKnight_low	287001_battle.lua		GiantKnight_low287001Battle_Activate;GiantKnight_low287001_Act01;GiantKnight_low287001_Act02;GiantKnight_low287001_Act03;GiantKnight_low287001_Act04;GiantKnight_low287001_Act05;GiantKnight_low287001_Act06;GiantKnight_low287001_Act07;GiantKnight_low287001_Act08;GiantKnight_low287001_ActAfter_AdjustSpace;GiantKnight_low287001Battle_Update;GiantKnight_low287001Battle_Terminate;GiantKnight_low287001Battle_Interupt	287001;GiantKnight_low287001Battle;;1;0;0;0
290000	Skeleton (Falchion)	Skeleton_Falchion	290000_battle.lua		Skeleton_Falchion290000Battle_Activate;Skeleton_Falchion290000_Act01;Skeleton_Falchion290000_Act02;Skeleton_Falchion290000_Act03;Skeleton_Falchion290000_Act04;Skeleton_Falchion290000_Act06;Skeleton_Falchion290000_ActAfter_AdjustSpace;Skeleton_Falchion290000Battle_Update;Skeleton_Falchion290000Battle_Terminate;Skeleton_Falchion290000Battle_Interupt	290000;Skeleton_Falchion290000Battle;;1;0;0;0
290001	Skeleton (Archer)	Skeleton_Bow	290001_battle.lua		Skeleton_Bow290001Battle_Activate;Skeleton_Bow290001_Act01;Skeleton_Bow290001_Act02;Skeleton_Bow290001_Act03;Skeleton_Bow290001Battle_Update;Skeleton_Bow290001Battle_Terminate;Skeleton_Bow290001Battle_Interupt	290001;Skeleton_Bow290001Battle;;1;0;0;0
290002	Skeleton (Large Falchion)	Sk_Large_Falchion	290002_battle.lua		Sk_Large_Falchion290002Battle_Activate;Sk_Large_Falchion290002_Act01;Sk_Large_Falchion290002_Act02;Sk_Large_Falchion290002_Act03;Sk_Large_Falchion290002_Act06;Sk_Large_Falchion290002_ActAfter_AdjustSpace;Sk_Large_Falchion290002Battle_Update;Sk_Large_Falchion290002Battle_Terminate;Sk_Large_Falchion290002Battle_Interupt	290002;Sk_Large_Falchion290002Battle;;1;0;0;0
290003	Skeleton (Non Screw)	Sk_Fal_non_screw	290003_battle.lua		Sk_Fal_non_screw290003Battle_Activate;Sk_Fal_non_screw290003_Act01;Sk_Fal_non_screw290003_Act02;Sk_Fal_non_screw290003_Act03;Sk_Fal_non_screw290003_Act04;Sk_Fal_non_screw290003_ActAfter_AdjustSpace;Sk_Fal_non_screw290003Battle_Update;Sk_Fal_non_screw290003Battle_Terminate;Sk_Fal_non_screw290003Battle_Interupt	290003;Sk_Fal_non_screw290003Battle;;1;0;0;0
290004	Skeleton (Large Falchion Non Screw)	Sk_LarFal_non_scr	290004_battle.lua		Sk_LarFal_non_scr290004Battle_Activate;Sk_LarFal_non_scr290004_Act01;Sk_LarFal_non_scr290004_Act02;Sk_LarFal_non_scr290004_Act03;Sk_LarFal_non_scr290004_ActAfter_AdjustSpace;Sk_LarFal_non_scr290004Battle_Update;Sk_LarFal_non_scr290004Battle_Terminate;Sk_LarFal_non_scr290004Battle_Interupt	290004;Sk_LarFal_non_scr290004Battle;;1;0;0;0
291000	Giant Skeleton (Sword)	BigSk_Sword	291000_battle.lua		BigSk_Sword291000Battle_Activate;BigSk_Sword291000_Act02;BigSk_Sword291000_Act04;BigSk_Sword291000_Act05;BigSk_Sword291000_Act06;BigSkSword291000_ActAfter_AdjustSpace;BigSk_Sword291000Battle_Update;BigSk_Sword291000Battle_Terminate;BigSk_Sword291000Battle_Interupt	291000;BigSk_Sword291000Battle;;1;0;0;0
291001	Giant Skeleton (Archer)	BigSk_Bow	291001_battle.lua		BigSk_Bow291001Battle_Activate;BigSk_Bow291001_Act01;BigSk_Bow291001_Act02;BigSk_Bow291001_Act04;BigSk_Bow291001Battle_Update;BigSk_Bow291001Battle_Terminate;BigSk_Bow291001Battle_Interupt	291001;BigSk_Bow291001Battle;;1;0;0;0
292000	Vamos	HonebutoSk_Kouhu	292000_battle.lua		HonebutoSk_Kouhu292000Battle_Activate;HonebutoSk_Kouhu292000_Act01;HonebutoSk_Kouhu292000_Act04;HonebutoSk_Kouhu292000Battle_Update;HonebutoSk_Kouhu292000Battle_Terminate;HonebutoSk_Kouhu292000Battle_Interupt	292000;HonebutoSk_Kouhu292000Battle;;1;0;0;0
292001	Vamos Alternate?	HonebutoSk_Senshi	292001_battle.lua		HonebutoSk_Senshi292001Battle_Activate;HonebutoSk_Senshi292001_Act01;HonebutoSk_Senshi292001_Act04;HonebutoSk_Senshi292001_Act05;HonebutoSk_Senshi292001Battle_Update;HonebutoSk_Senshi292001Battle_Terminate;HonebutoSk_Senshi292001Battle_Interupt	292001;HonebutoSk_Senshi292001Battle;;1;0;0;0
293000	Bonewheel Skeleton	Syarin	293000_battle.lua		Syarin293000Battle_Activate;Syarin293000Battle_Update;Syarin293000Battle_Terminate;Syarin293000Battle_Interupt	293000;Syarin293000Battle;;1;0;0;0
294000	Skeleton Baby	Skeleton_baby	294000_battle.lua		OnIf_294000;Skeleton_baby294000Battle_Activate;Skeleton_baby294000Battle_Update;Skeleton_baby294000Battle_Terminate;Skeleton_baby294000Battle_Interupt	294000;Skeleton_baby294000Battle;;1;0;0;0
295000	Skeleton Beast	Skeleton_Beast	295000_battle.lua		Skeleton_Beast295000Battle_Activate;Skeleton_Beast295000_Act05;Skeleton_Beast295000_Act06;Skeleton_Beast295000_ActAfter_AdjustSpace;Skeleton_Beast295000Battle_Update;Skeleton_Beast295000Battle_Terminate;Skeleton_Beast295000Battle_Interupt	295000;Skeleton_Beast295000Battle;;1;0;0;0
296000	Bone Tower	totem	296000_battle.lua		totem296000Battle_Activate;totem296000Battle_Update;totem296000Battle_Terminate;totem296000Battle_Interupt	296000;totem296000Battle;;1;0;0;0
309000	Giant Mosquito	Ooka	309000_battle.lua		Ooka309000Battle_Activate;Ooka309000Battle_Update;Ooka309000Battle_Terminate;Ooka309000Battle_Interupt	309000;Ooka309000Battle;;1;0;0;0
320000	Slime	Funiku	320000_battle.lua		Funiku320000Battle_Activate;Funiku320000Battle_Update;Funiku320000Battle_Terminate;Funiku320000Battle_Interupt	320000;Funiku320000Battle;;1;0;0;0
321000	Egg Carrier	Tamago	321000_battle.lua		Tamago321000Battle_Activate;Tamago321000Battle_Update;Tamago321000Battle_Terminate;Tamago321000Battle_Interupt	321000;Tamago321000Battle;;1;0;0;0
322000	Vile Maggot	Kisei	322000_battle.lua		Kisei322000Battle_Activate;Kisei322000Battle_Update;Kisei322000Battle_Terminate;Kisei322000Battle_Interupt	322000;Kisei322000Battle;;1;0;0;0
323000	Moonlight Butterfly	Kagerou	323000_battle.lua		OnIf_323000;Kagerou323000Battle_Activate;Kagerou323000Battle_Update;Kagerou323000Battle_Terminate;Kagerou323000Battle_Interupt	323000;Kagerou323000Battle;;1;0;0;0
323001	Moonlight Butterfly	Kagerou_m17	323001_battle.lua		Kagerou_m17_323001Battle_Activate;Kagerou_m17_323001Battle_Update;Kagerou_m17_323001Battle_Terminate;Kagerou_m17_323001Battle_Interupt	323001;Kagerou_m17_323001Battle;;1;0;0;0
324000	Chaos Eater	Izalis	324000_battle.lua		Izalis324000Battle_Activate;HusiFight_Izalis324000_Act01;HusiFight_Izalis324000_Act02;HusiFight_Izalis324000_Act03;HusiFight_Izalis324000_Act04;HusiFight_Izalis324000_Act05;HusiFight_Izalis324000_Act06;Izalis324000Battle_Update;Izalis324000Battle_Terminate;Izalis324000Battle_Interupt	324000;Izalis324000Battle;;1;0;0;0
325000	Man-Eater Shell	IzalisQueen	325000_battle.lua		IzalisQueen325000Battle_Activate;IzalisQueen325000Battle_Update;IzalisQueen325000Battle_Terminate;IzalisQueen325000Battle_Interupt	325000;IzalisQueen325000Battle;;1;0;0;0
327000	Basilisk	basilisk	327000_battle.lua		basilisk327000Battle_Activate;basilisk327000_Act01;basilisk327000_Act02;basilisk327000_Act03;basilisk327000_Act04;basilisk327000_Act05;basilisk327000_ActAfter_AdjustSpace;basilisk327000Battle_Update;basilisk327000Battle_Terminate;basilisk327000Battle_Interupt	327000;basilisk327000Battle;;1;0;0;0
330000	Crystal Lizard	CrystalLizard	330000_battle.lua		CrystalLizard330000Battle_Activate;CrystalLizard330000Battle_Update;CrystalLizard330000Battle_Terminate;CrystalLizard330000Battle_Interupt;CrystalLizard330000Runaway_Activate;CrystalLizard330000Runaway_Update;CrystalLizard330000Runaway_Terminate;CrystalLizard330000Runaway_Interupt;CrystalLizard330000Hide_Activate;CrystalLizard330000Hide_Update;CrystalLizard330000Hide_Terminate;CrystalLizard330000Hide_Interupt	330000;CrystalLizard330000Battle;;1;0;0;0
332000	Pinwheel	ThreeHaori	332000_battle.lua		OnIf_332000;ThreeHaori332000Battle_Activate;ThreeHaori332000_ActAfter_AdjustSpace;ThreeHaori332000StepForLeave;ThreeHaori332000Battle_Update;ThreeHaori332000Battle_Terminate;ThreeHaori332000Battle_Interupt	332000;ThreeHaori332000Battle;;1;0;0;0
332001	Pinwheel (clone?)	ThreeHaoriBunsin	332001_battle.lua		OnIf_332001;ThreeHaoriBunsin332001Battle_Activate;ThreeHaoriBunsin332001_ActAfter_AdjustSpace;ThreeHaoriBunsin332001StepForLeave;ThreeHaoriBunsin332001Battle_Update;ThreeHaoriBunsin332001Battle_Terminate;ThreeHaoriBunsin332001Battle_Interupt	332001;ThreeHaoriBunsin332001Battle;;1;0;0;0
332002	Pinwheel (TotG clones?)	ThreeHaori_nomal	332002_battle.lua		ThreeHaori_nomal332002Battle_Activate;ThreeHaori_nomal332002_ActAfter_AdjustSpace;ThreeHaori_nomal332002Battle_Update;ThreeHaori_nomal332002Battle_Terminate;ThreeHaori_nomal332002Battle_Interupt	332002;ThreeHaori_nomal332002Battle;;1;0;0;0
333000	Pisaca	Pisaca	333000_battle.lua		Pisaca333000Battle_Activate;Pisaca333000Battle_Update;Pisaca333000Battle_Terminate;Pisaca333000Battle_Interupt	333000;Pisaca333000Battle;;1;0;0;0
333001	Weeping Pisacas	Pisaca_Sisters	333001_battle.lua		Pisaca_Sisters333001Battle_Activate;Pisaca_Sisters333001Battle_Update;Pisaca_Sisters333001Battle_Terminate;Pisaca_Sisters333001Battle_Interupt	333001;Pisaca_Sisters333001Battle;;1;0;0;0
334000	Undead Attack Dog	blackDog	334000_battle.lua		blackDog334000Battle_Activate;blackDog334000_Act01;blackDog334000_Act02;blackDog334000_Act03;blackDog334000_Act04;blackDog334000_ActAfter_AdjustSpace;blackDog334000Battle_Update;blackDog334000Battle_Terminate;blackDog334000Battle_Interupt	334000;blackDog334000Battle;;1;0;0;0
334100	Flaming Attack Dog	FlameDog	334100_battle.lua		FlameDog334100Battle_Activate;FlameDog334100_Act01;FlameDog334100_Act02;FlameDog334100_Act03;FlameDog334100_Act04;FlameDog334100_ActAfter_AdjustSpace;FlameDog334100Battle_Update;FlameDog334100Battle_Terminate;FlameDog334100Battle_Interupt	334100;FlameDog334100Battle;;1;0;0;0
335000	Possessed Tree	WalkingTree	335000_battle.lua		WalkingTree335000Battle_Activate;WalkingTree335000Battle_Update;WalkingTree335000Battle_Terminate;WalkingTree335000Battle_Interupt	335000;WalkingTree335000Battle;;1;0;0;0
337000	Tree Lizard	Kinobori	337000_battle.lua		Kinobori337000Battle_Activate;Kinobori337000Battle_Update;Kinobori337000Battle_Terminate;Kinobori337000Battle_Interupt	337000;Kinobori337000Battle;;1;0;0;0
338000	Giant Leech	Leech	338000_battle.lua		Leech338000Battle_Activate;Leech338000_Act01;Leech338000_Act02;Leech338000_Act03;Leech338000_Act05;Leech338000_ActAfter_AdjustSpace;Leech338000Battle_Update;Leech338000Battle_Terminate;Leech338000Battle_Interupt	338000;Leech338000Battle;;1;0;0;0
339000	Burrowing Rockworm	Burrower	339000_battle.lua		Burrower339000Battle_Activate;Burrower339000_Act01;Burrower339000_Act02;Burrower339000_Act03;Burrower339000_Act04;Burrower339000_Act05;Burrower339000_GetWellSpace_Act;Burrower339000Battle_Update;Burrower339000Battle_Terminate;Burrower339000Battle_Interupt	339000;Burrower339000Battle;;1;0;0;0
339001	Burrowing Rockworm (A)	Burrower_A	339001_battle.lua		Burrower_A339001Battle_Activate;Burrower_A339001_ActAfter_AdjustSpace;Burrower_A339001Battle_Update;Burrower_A339001Battle_Terminate;Burrower_A339001Battle_Interupt	339001;Burrower_A339001Battle;;1;0;0;0
339002	Burrowing Rockworm (B)	Burrower_B	339002_battle.lua		Burrower_B339002Battle_Activate;Burrower_B339002_ActAfter_AdjustSpace;Burrower_B339002Battle_Update;Burrower_B339002Battle_Terminate;Burrower_B339002Battle_Interupt	339002;Burrower_B339002Battle;;1;0;0;0
339003	Burrowing Rockworm (C)	Burrower_C	339003_battle.lua		Burrower_C339003Battle_Activate;Burrower_C339003_ActAfter_AdjustSpace;Burrower_C339003Battle_Update;Burrower_C339003Battle_Terminate;Burrower_C339003Battle_Interupt	339003;Burrower_C339003Battle;;1;0;0;0
340000	Crag-Spider	KuraguSpider_Child	340000_battle.lua		KuraguSpider_Child340000Battle_Activate;KuraguSpider_Child340000_Act01;KuraguSpider_Child340000_Act02;KuraguSpider_Child340000_Act03;KuraguSpider_Child340000_Act04;KuraguSpider_Child340000_Act05;KuraguSpider_Child340000_ActAfter_AdjustSpace;KuraguSpider_Child340000Battle_Update;KuraguSpider_Child340000Battle_Terminate;KuraguSpider_Child340000Battle_Interupt	340000;KuraguSpider_Child340000Battle;;1;0;0;0
341000	Frog-Ray	Kaerue	341000_battle.lua		Kaeruei341000Battle_Activate;Kaeruei341000_Act02;Kaeruei341000_Act04;Kaeruei341000_Act05;Kaeruei341000_Act06;Kaeruei341000_Act07;Kaeruei341000_Act08;Kaeruei341000_Act09;Kaeruei341000_Act10;Kaeruei341000Battle_Update;Kaeruei341000Battle_Terminate;Kaeruei341000Battle_Interupt	341000;Kaeruei341000Battle;;1;0;0;0
342000	Undead Dragon	DragonZombi	342000_battle.lua		DragonZombi342000Battle_Activate;DragonZombi342000Battle_Update;DragonZombi342000Battle_Terminate;DragonZombi342000Battle_Interupt	342000;DragonZombi342000Battle;;1;0;0;0
342002	Undead Dragon	DragonZombi_m16	342002_battle.lua		DragonZombi_m16_342002Battle_Activate;DragonZombi_m16_342002Battle_Update;DragonZombi_m16_342002Battle_Terminate;DragonZombi_m16_342002Battle_Interupt	342002;DragonZombi_m16_342002Battle;;1;0;0;0
342100	Bounding Demon of Izalith	DraZonbiLegs	342100_battle.lua		DraZonbiLegs342100Battle_Activate;DraZonbiLegs342100_Act00;DraZonbiLegs342100_Act01;DraZonbiLegs342100_Act02;DraZonbiLegs342100_Act03;DraZonbiLegs342100_Act04;DraZonbiLegs342100_Act05;DraZonbiLegs342100_Act06;DraZonbiLegs342100_Act07;DraZonbiLegs342100_Act08;DraZonbiLegs342100_Act09;DraZonbiLegs342100_GetWellSpace_Act;DraZonbiLegs342100Battle_Update;DraZonbiLegs342100Battle_Terminate;DraZonbiLegs342100Battle_Interupt	342100;DraZonbiLegs342100Battle;;1;0;0;0
343000	Hellkite Drake	Hellkite	343000_battle.lua		OnIf_343000;Hellkite343000Battle_Activate;Hellkite343000_Turn;Hellkite343000_Act1;Hellkite343000_Act2;Hellkite343000_Act3;Hellkite343000_Act4;Hellkite343000_Act5;Hellkite343000_Act6;Hellkite343000_Act7;Hellkite343000_Act8;Hellkite343000_Act9;Hellkite343000_Act13;Hellkite343000_Act14;Hellkite343000_Act15;Hellkite343000_Act17;Hellkite343000Battle_Update;Hellkite343000Battle_Terminate;Hellkite343000Battle_Interupt	343000;Hellkite343000Battle;;1;0;0;0
346000	Armored Tusk	ArmoredTask	346000_battle.lua		ArmoredTask346000Battle_Activate;ArmoredTask346000_ActAfter_AdjustSpace;ArmoredTask346000Battle_Update;ArmoredTask346000Battle_Terminate;ArmoredTask346000Battle_Interupt	346000;ArmoredTask346000Battle;;1;0;0;0
346100	Armored Tusk (Reinforced)	ArmoredTask_BackGuard	346100_battle.lua		ArmoredTask_BackGuard346100Battle_Activate;ArmoredTask_BackGuard346100_ActAfter_AdjustSpace;ArmoredTask_BackGuard346100Battle_Update;ArmoredTask_BackGuard346100Battle_Terminate;ArmoredTask_BackGuard346100Battle_Interupt	346100;ArmoredTask_BackGuard346100Battle;;1;0;0;0
347100	Sanctuary Guardian	GoldenChimera	347100_battle.lua		OnIf_347100;GoldenChimera347100Battle_Activate;GoldenChimera347100_Act01;GoldenChimera347100_Act02;GoldenChimera347100_Act03;GoldenChimera347100_Act05;GoldenChimera347100_Act06;GoldenChimera347100_Act07;GoldenChimera347100_Act08;GoldenChimera347100_Act09;GoldenChimera347100_Act10;GoldenChimera347100_Act12;GoldenChimera347100_Act13;GoldenChimera347100_Act14;GoldenChimera347100_Act15;GoldenChimera347100_Act16;GoldenChimera347100_Act17;GoldenChimera347100_ActAfter_AdjustSpace;GoldenChimera347100_ActAfter_RealTime;GoldenChimera347100_FlyingDecision01;GoldenChimera347100_FlyingDecision02;GoldenChimera347100_FlyingDecision03;GoldenChimera347100_BackStepDecision01;GoldenChimera347100_ChargeDecision01;GoldenChimera347100Battle_Update;GoldenChimera347100Battle_Terminate;GoldenChimera347100Battle_Interupt	347100;GoldenChimera347100Battle;;1;0;0;0
347101	Sanctuary Guardian (2)	GoldenChimera	347101_battle.lua		OnIf_347101;GoldenChimera347101Battle_Activate;GoldenChimera347101_Act01;GoldenChimera347101_Act02;GoldenChimera347101_Act03;GoldenChimera347101_Act05;GoldenChimera347101_Act06;GoldenChimera347101_Act07;GoldenChimera347101_Act08;GoldenChimera347101_Act09;GoldenChimera347101_Act10;GoldenChimera347101_Act12;GoldenChimera347101_Act13;GoldenChimera347101_Act14;GoldenChimera347101_Act15;GoldenChimera347101_Act16;GoldenChimera347101_Act17;GoldenChimera347101_Act18;GoldenChimera347101_Act19;GoldenChimera347101_ActAfter_AdjustSpace;GoldenChimera347101_ActAfter_RealTime;GoldenChimera347101_SideWalk;GoldenChimera347101_FlyingDecision01;GoldenChimera347101_FlyingDecision02;GoldenChimera347101_FlyingDecision03;GoldenChimera347101_BackStepDecision01;GoldenChimera347101Battle_Update;GoldenChimera347101Battle_Terminate;GoldenChimera347101Battle_Interupt	347101;GoldenChimera347101Battle;;1;0;0;0
348000	Chaos Bug	Taiyoutyuu	348000_battle.lua		Taiyoutyuu347000Battle_Activate;Taiyoutyuu347000_Act01;Taiyoutyuu347000_Act02;Taiyoutyuu347000Battle_Update;Taiyoutyuu347000Battle_Terminate;Taiyoutyuu347000Battle_Interupt	348000;Taiyoutyuu347000Battle;;1;0;0;0
349000	Good Vagrant	DriftItemGood	349000_battle.lua		DriftItemGood349000Battle_Activate;DriftItemGood349000Battle_Update;DriftItemGood349000Battle_Terminate;DriftItemGood349000Battle_Interupt;DriftItemGood349000Runaway_Activate;DriftItemGood349000Runaway_Update;DriftItemGood349000Runaway_Terminate;DriftItemGood349000Runaway_Interupt;DriftItemGood349000Hide_Activate;DriftItemGood349000Hide_Update;DriftItemGood349000Hide_Terminate;DriftItemGood349000Hide_Interupt	349000;DriftItemGood349000Battle;;1;0;0;0
349100	Evil Vagrant	DriftItemEvil	349100_battle.lua		DriftItemEvil349100Battle_Activate;DriftItemEvil349100_Act02;DriftItemEvil349100_Act03;DriftItemEvil349100_Act04;DriftItemEvil349100Battle_Update;DriftItemEvil349100Battle_Terminate;DriftItemEvil349100Battle_Interupt	349100;DriftItemEvil349100Battle;;1;0;0;0
350000	Mass of Souls	Bigjelly	350000_battle.lua		Bigjelly350000Battle_Activate;Bigjelly350000_Act04;Bigjelly350000_Act05;Bigjelly350000_Act06;Bigjelly350000Battle_Update;Bigjelly350000Battle_Terminate;Bigjelly350000Battle_Interupt	350000;Bigjelly350000Battle;;1;0;0;0
350100	Wisp (exploding skull)	Wisp	350100_battle.lua		Wisp350100Battle_Activate;Wisp350100Battle_Update;Wisp350100Battle_Terminate;Wisp350100Battle_Interupt	350100;Wisp350100Battle;;1;0;0;0
351000	Asylum Transport Crow	BigCrow	351000_battle.lua		BigCrow351000Battle_Activate;BigCrow351000Battle_Update;BigCrow351000Battle_Terminate;BigCrow351000Battle_Interupt	351000;BigCrow351000Battle;;1;0;0;0
352000	Drake	wyvern	352000_battle.lua		wyvern352000Battle_Activate;wyvern352000_ActAfter_AdjustSpace;wyvern352000Battle_Update;wyvern352000Battle_Terminate;wyvern352000Battle_Interupt	352000;wyvern352000Battle;;1;0;0;0
352002	Drake (on_earth 1)	wyvern_on_earth	352002_battle.lua		wyvern_on_earth352002Battle_Activate;wyvern_on_earth352002_Turn;wyvern_on_earth352002_ActAfter_AdjustSpace;OnIf_352002;wyvern_on_earth352002Battle_Update;wyvern_on_earth352002Battle_Terminate;wyvern_on_earth352002Battle_Interupt	352002;wyvern_on_earth352002Battle;;1;0;0;0
352003	Drake (on_earth 2)	wyvern_on_earth	352003_battle.lua		wyvern_on_earth352003Battle_Activate;wyvern_on_earth352003_Turn;wyvern_on_earth352003_ActAfter_AdjustSpace;OnIf_352003;wyvern_on_earth352003Battle_Update;wyvern_on_earth352003Battle_Terminate;wyvern_on_earth352003Battle_Interupt	352003;wyvern_on_earth352003Battle;;1;0;0;0
352005	Drake (2)	wyvern	352005_battle.lua		OnIf_352005;wyvern352005Battle_Activate;wyvern352005Battle_Update;wyvern352005Battle_Terminate;wyvern352005Battle_Interupt	352005;wyvern352005Battle;;1;0;0;0
353000	Hydra	LakeBeast	353000_battle.lua		OnIf_353000;LakeBeast353000Battle_Activate;LakeBeast353000_Act01;LakeBeast353000_Act02;LakeBeast353000_Act03;LakeBeast353000_Act04;LakeBeast353000_Act05;LakeBeast353000_Act06;LakeBeast353000_Act07;LakeBeast353000_Act08;LakeBeast353000_Act09;LakeBeast353000_Act10;LakeBeast353000_Act11;LakeBeast353000Battle_Update;LakeBeast353000Battle_Terminate;LakeBeast353000Battle_Interupt	353000;LakeBeast353000Battle;;1;0;0;0
353001	Hydra	LakeBeast_m12	353001_battle.lua		LakeBeast_m12_353001Battle_Activate;LakeBeast_m12_353001_Act01;LakeBeast_m12_353001_Act02;LakeBeast_m12_353001_Act03;LakeBeast_m12_353001_Act04;LakeBeast_m12_353001_Act05;LakeBeast_m12_353001_Act06;LakeBeast_m12_353001_Act07;LakeBeast_m12_353001_Act08;LakeBeast_m12_353001_Act09;LakeBeast_m12_353001_Act10;LakeBeast_m12_353001_ActAfter_AdjustSpace;LakeBeast_m12_353001Battle_Update;LakeBeast_m12_353001Battle_Terminate;LakeBeast_m12_353001Battle_Interupt	353001;LakeBeast_m12_353001Battle;;1;0;0;0
409000	Marvelous Chester	SniperA	409000_battle.lua		OnIf_409000;SniperA409000Battle_Activate;SniperA409000_Act01;SniperA409000_Act02;SniperA409000_Act03;SniperA409000_Act04;SniperA409000_Act05;SniperA409000_KickAfter;SniperA409000_ActAfter;SniperA409000_ActAfter_AdjustSpace;SniperA409000Battle_Update;SniperA409000Battle_Terminate;SniperA409000Battle_Interupt	409000;SniperA409000Battle;;1;0;0;0
410000	Artorias	Artorius	410000_battle.lua		OnIf_410000;Artorius410000Battle_Activate;Artorius410000_Act01;Artorius410000_Act02;Artorius410000_Act03;Artorius410000_Act04;Artorius410000_Act05;Artorius410000_Act06;Artorius410000_Act07;Artorius410000_Act08;Artorius410000_Act09;Artorius410000_Act10;Artorius410000_Act11;Artorius410000_Act12;Artorius410000_Act13;Artorius410000_Act20;Artorius410000_ActAfter;Artorius410000_ActAfter_AdjustSpace;Artorius410000Battle_Update;Artorius410000Battle_Terminate;Artorius410000Battle_Interupt	410000;Artorius410000Battle;;1;0;0;0
411000	Hawkeye Gough	Go_HawkEye	411000_battle.lua	411000_logic.lua	OnIf_411000;Go_HawkEye411000Battle_Activate;Go_HawkEye411000_Act01;Go_HawkEye411000_Act02;Go_HawkEye411000_Act03;Go_HawkEye411000_Act04;Go_HawkEye411000_Act05;Go_HawkEye411000_Act06;Go_HawkEye411000_Act07;Go_HawkEye411000_Act08;Go_HawkEye411000_Act09;Go_HawkEye411000_Act10;Go_HawkEye411000_ActAfter_AdjustSpace;Go_HawkEye411000_ActAfter_RealTime;Go_HawkEye411000Battle_Update;Go_HawkEye411000Battle_Terminate;Go_HawkEye411000Battle_Interupt;Go_HawkEye411000_Logic;Go_HawkEye411000_Interupt	411000;Go_HawkEye411000Battle;;1;0;0;0|411000;Go_HawkEye411000_Logic;Go_HawkEye411000_Interupt;0;1;0;0
412000	Stone Guardian	Kyu_DoguKishi	412000_battle.lua		Kyu_DoguKishi412000Battle_Activate;Kyu_DoguKishi412000_Act01;Kyu_DoguKishi412000_Act02;Kyu_DoguKishi412000_Act03;Kyu_DoguKishi412000_Act04;Kyu_DoguKishi412000_Act05;Kyu_DoguKishi412000_Act06;Kyu_DoguKishi412000Battle_Update;Kyu_DoguKishi412000Battle_Terminate;Kyu_DoguKishi412000Battle_Interupt	412000;Kyu_DoguKishi412000Battle;;1;0;0;0
413000	Scarecrow	Kyu_Jujin	413000_battle.lua		OnIf_413000;Kyu_Jujin413000Battle_Activate;Kyu_Jujin413000_Act01;Kyu_Jujin413000_Act02;Kyu_Jujin413000_Act03;Kyu_Jujin413000_Act04;Kyu_Jujin413000_Act05;Kyu_Jujin413000_Act06;Kyu_Jujin413000_Act07;Kyu_Jujin413000_Act08;Kyu_Jujin413000_Act09;Kyu_Jujin413000_Act10;Kyu_Jujin413000_Act11;Kyu_Jujin413000_Act13;Kyu_Jujin413000_Act14;Kyu_Jujin413000_Act15;Kyu_Jujin413000_Act16;Kyu_Jujin413000_Act20;Kyu_Jujin413000_ActAfter_AdjustSpace;Kyu_Jujin413000_ActAfter_RealTime;Kyu_Jujin413000Battle_Update;Kyu_Jujin413000Battle_Terminate;Kyu_Jujin413000Battle_Interupt	413000;Kyu_Jujin413000Battle;;1;0;0;0
415000	Bloathead	ShinenBito	415000_battle.lua	415000_logic.lua	OnIf_415000;ShinenBito415000Battle_Activate;ShinenBito415000_Act01;ShinenBito415000_Act02;ShinenBito415000_Act03;ShinenBito415000_Act04;ShinenBito415000_Act05;ShinenBito415000_Act06;ShinenBito415000_Act07;ShinenBito415000_Act08;ShinenBito415000_Act10;ShinenBito415000_ActAfter_AdjustSpace;ShinenBito415000_ActAfter_RealTime;ShinenBito415000Battle_Update;ShinenBito415000Battle_Terminate;ShinenBito415000Battle_Interupt;ShinenBito415000_Logic;ShinenBito415000_Interupt	415000;ShinenBito415000Battle;;1;0;0;0|415000;ShinenBito415000_Logic;ShinenBito415000_Interupt;0;1;0;0
416000	Bloathead Sorcerer	ShinenBito_Sorcerer	416000_battle.lua		OnIf_416000;ShinenBito_Sorcerer416000Battle_Activate;ShinenBito_Sorcerer416000_Act01;ShinenBito_Sorcerer416000_Act02;ShinenBito_Sorcerer416000_Act03;ShinenBito_Sorcerer416000_Act05;ShinenBito_Sorcerer416000_Act10;ShinenBito_Sorcerer416000_Act11;ShinenBito_Sorcerer416000_Act12;ShinenBito_Sorcerer416000_Act20;ShinenBito_Sorcerer416000_ActAfter_RealTime;ShinenBito_Sorcerer416000_ActAfter_AdjustSpace;ShinenBito_Sorcerer416000Battle_Update;ShinenBito_Sorcerer416000Battle_Terminate;ShinenBito_Sorcerer416000Battle_Interupt	416000;ShinenBito_Sorcerer416000Battle;;1;0;0;0
417000	Humanity Phantom (small)	HumanityS	417000_battle.lua		OnIf_417000;HumanityS417000Battle_Activate;HumanityS417000_Act01;HumanityS417000_Act03;HumanityS417000_Act04;HumanityS417000_Act05;HumanityS417000_Act06;HumanityS417000_Act07;HumanityS417000_Act08;HumanityS417000_Act09;HumanityS417000_Act10;HumanityS417000_Act11;HumanityS417000_Act12;HumanityS417000_ActAfter;HumanityS417000_ActAfter_AdjustSpace;HumanityS417000Battle_Update;HumanityS417000Battle_Terminate;HumanityS417000Battle_Interupt	417000;HumanityS417000Battle;;1;0;0;0
417100	Humanity Phantom (medium)	HumanityM	417100_battle.lua		OnIf_417100;HumanityM417100Battle_Activate;HumanityM417100_Act01;HumanityM417100_Act02;HumanityM417100_Act10;HumanityM417100_ActAfter;HumanityM417100_ActAfter_AdjustSpace;HumanityM417100Battle_Update;HumanityM417100Battle_Terminate;HumanityM417100Battle_Interupt	417100;HumanityM417100Battle;;1;0;0;0
417200	Humanity Phantom (large)	HumanityL	417200_battle.lua		OnIf_417200;HumanityL417200Battle_Activate;HumanityL417200_Act01;HumanityL417200_Act03;HumanityL417200_Act04;HumanityL417200_Act05;HumanityL417200_Act06;HumanityL417200_Act07;HumanityL417200_Act08;HumanityL417200_Act09;HumanityL417200_Act10;HumanityL417200_Act11;HumanityL417200_Act12;HumanityL417200_ActAfter;HumanityL417200_ActAfter_AdjustSpace;HumanityL417200Battle_Update;HumanityL417200Battle_Terminate;HumanityL417200Battle_Interupt	417200;HumanityL417200Battle;;1;0;0;0
418000	Chained Prisoner	Chainman	418000_battle.lua		OnIf_418000;Chainman418000Battle_Activate;Chainman418000_Act01;Chainman418000_Act02;Chainman418000_Act03;Chainman418000_Act04;Chainman418000_Act05;Chainman418000_Act06;Chainman418000_Act07;Chainman418000_Act10;Chainman418000_ActAfter;Chainman418000_ActAfter_AdjustSpace;Chainman418000Battle_Update;Chainman418000Battle_Terminate;Chainman418000Battle_Interupt	418000;Chainman418000Battle;;1;0;0;0
419000	Attack Dog (DLC)	BlackDragonsDog	419000_battle.lua		BlackDragonsDog419000Battle_Activate;BlackDragonsDog419000_Act01;BlackDragonsDog419000_Act02;BlackDragonsDog419000_Act03;BlackDragonsDog419000_Act04;BlackDragonsDog419000_ActAfter_AdjustSpace;BlackDragonsDog419000Battle_Update;BlackDragonsDog419000Battle_Terminate;BlackDragonsDog419000Battle_Interupt	419000;BlackDragonsDog419000Battle;;1;0;0;0
450000	Manus, Father of the Abyss	TheAbyss	450000_battle.lua		OnIf_450000;TheAbyss450000Battle_Activate;TheAbyss450000_Act01;TheAbyss450000_Act02;TheAbyss450000_Act03;TheAbyss450000_Act04;TheAbyss450000_Act05;TheAbyss450000_Act06;TheAbyss450000_Act07;TheAbyss450000_Act08;TheAbyss450000_Act09;TheAbyss450000_Act10;TheAbyss450000_Act11;TheAbyss450000_Act14;TheAbyss450000_Act15;TheAbyss450000_Act16;TheAbyss450000_Act17;TheAbyss450000_Act20;TheAbyss450000_ActAfter;TheAbyss450000_ActAfter_AdjustSpace;TheAbyss450000Battle_Update;TheAbyss450000Battle_Terminate;TheAbyss450000Battle_Interupt	450000;TheAbyss450000Battle;;1;0;0;0
451000	Black Dragon Kalameet	BlackDragon	451000_battle.lua		OnIf_451000;BlackDragon451000Battle_Activate;BlackDragon451000_Act01;BlackDragon451000_Act02;BlackDragon451000_Act03;BlackDragon451000_Act04;BlackDragon451000_Act05;BlackDragon451000_Act06;BlackDragon451000_Act07;BlackDragon451000_Act08;BlackDragon451000_Act09;BlackDragon451000_Act10;BlackDragon451000_Act11;BlackDragon451000_Act12;BlackDragon451000_Act13;BlackDragon451000_Act14;BlackDragon451000_Act15;BlackDragon451000_Act16;BlackDragon451000_Act17;BlackDragon451000_Turn;BlackDragon451000_Act18;BlackDragon451000_Act19;BlackDragon451000_Act20;BlackDragon451000_ActAfter;BlackDragon451000_ActAfter_AdjustSpace;BlackDragon451000Battle_Update;BlackDragon451000Battle_Terminate;BlackDragon451000Battle_Interupt	451000;BlackDragon451000Battle;;1;0;0;0
452000	Young Sif	HolySwordWolf	452000_battle.lua		OnIf_452000;HolySwordWolf452000Battle_Activate;HolySwordWolf452000_Act01;HolySwordWolf452000_Act02;HolySwordWolf452000_Act03;HolySwordWolf452000_Act04;HolySwordWolf452000_Act05;HolySwordWolf452000_Act06;HolySwordWolf452000_Act07;HolySwordWolf452000_Act08;HolySwordWolf452000_Act09;HolySwordWolf452000_Act10;HolySwordWolf452000_Act11;HolySwordWolf452000_Act12;HolySwordWolf452000_Act13;HolySwordWolf452000_Act14;HolySwordWolf452000_Act15;HolySwordWolf452000_ActAfter;HolySwordWolf452000_ActAfter_AdjustSpace;HolySwordWolf452000Battle_Update;HolySwordWolf452000Battle_Terminate;HolySwordWolf452000Battle_Interupt	452000;HolySwordWolf452000Battle;;1;0;0;0
520000	Centipede Demon	mukade	520000_battle.lua		OnIf_520000;mukade520000Battle_Activate;mukade520000Battle_Update;mukade520000Battle_Terminate;mukade520000Battle_Interupt	520000;mukade520000Battle;;1;0;0;0
520100	Centipede Demon's Arm	mukadeude	520100_battle.lua		mukadeude520100Battle_Activate;MukadeUde520100_Act04;mukadeude520100_ActAfter_AdjustSpace;mukadeude520100Battle_Update;mukadeude520100Battle_Terminate;mukadeude520100Battle_Interupt	520100;mukadeude520100Battle;;1;0;0;0
520200	Centipede Demon's Tail	mukadesippo	520200_battle.lua		mukadesippo520200Battle_Activate;MukadeSippo520200_Act04;MukadeSippo520200_ActAfter_AdjustSpace;mukadesippo520200Battle_Update;mukadesippo520200Battle_Terminate;mukadesippo520200Battle_Interupt	520200;mukadesippo520200Battle;;1;0;0;0
521000	Sif	HolySwordWolf	521000_battle.lua		HolySwordWolf521000Battle_Activate;HolySwordWolf521000_ActAfter_AdjustSpace;HolySwordWolf521000Battle_Update;HolySwordWolf521000Battle_Terminate;HolySwordWolf521000Battle_Interupt	521000;HolySwordWolf521000Battle;;1;0;0;0
522000	Gravelord Nito	Hakaoh	522000_battle.lua		Hakaoh522000Battle_Activate;Hakaoh522000Battle_Kougeki_Noato;Hakaoh522000Battle_Update;Hakaoh522000Battle_Terminate;Hakaoh522000Battle_Interupt	522000;Hakaoh522000Battle;;1;0;0;0
523000	Bed of Chaos	KingIzalis	523000_battle.lua		KingIzalis523000Battle_Activate;KingIzalis523000_Act01;KingIzalis523000_Act02;KingIzalis523000_Act03;KingIzalis523000_Act04;KingIzalis523000_Act05;KingIzalis523000_Act06;KingIzalis523000_Act07;KingIzalis523000_Act40;KingIzalis523000Battle_Update;KingIzalis523000Battle_Terminate;KingIzalis523000Battle_Interupt	523000;KingIzalis523000Battle;;1;0;0;0
523100	Prototype/ Alternate Bed of Chaos	KingIzalis_Second	523100_battle.lua		OnIf_523100;KingIzalis_Second523100Battle_Activate;KingIzalis_Second523100Battle_Update;KingIzalis_Second523100Battle_Terminate;KingIzalis_Second523100Battle_Interupt	523100;KingIzalis_Second523100Battle;;1;0;0;0
524000	Parasitic Wall Hugger	PrinceIzalis	524000_battle.lua		PrinceIzalis524000Battle_Activate;PrinceIzalis524000Battle_Update;PrinceIzalis524000Battle_Terminate;PrinceIzalis524000Battle_Interupt	524000;PrinceIzalis524000Battle;;1;0;0;0
525000	Ceaseless Discharge	Tadare	525000_battle.lua		Tadare525000Battle_Activate;Tadare525000_Act001;Tadare525000_Act002;Tadare525000_Act003;Tadare525000_Act004;Tadare525000_Act005;Tadare525000_Act006;Tadare525000_Act021;Tadare525000_Act022;Tadare525000_Act023;Tadare525000_Act024;Tadare525000_Act025;Tadare525000_Act026;Tadare525000_Act027;Tadare525000_Act041;Tadare525000_Act042;Tadare525000_Act043;Tadare525000_Act044;Tadare525000_Act045;Tadare525000_Act046;Tadare525000_Act047;Tadare525000_Act048;Tadare525000_Act049;Tadare525000_Act061;Tadare525000_Act062;Tadare525000_Act063;Tadare525000_Act064;Tadare525000_Act065;Tadare525000_Act066;Tadare525000_Act067;Tadare525000_Act068;Tadare525000_Act069;Tadare525000_Act070;Tadare525000_Act101;Tadare525000_Act102;Tadare525000_Act103;Tadare525000_Act104;Tadare525000_Act111;Tadare525000_Act112;Tadare525000Battle_Update;Tadare525000Battle_Terminate;Tadare525000Battle_Interupt	525000;Tadare525000Battle;;1;0;0;0
526000	Gaping Dragon	Donsyoku	526000_battle.lua		Donsyoku526000Battle_Activate;Donsyoku526000Battle_Update;Donsyoku526000Battle_Terminate;Donsyoku526000Battle_Interupt	526000;Donsyoku526000Battle;;1;0;0;0
527000	Ornstein	Griffith	527000_battle.lua		OnIf_527000;Griffith527000Battle_Activate;Griffith527000_Act01;Griffith527000_Act02;Griffith527000_Act03;Griffith527000_Act04;Griffith527000_Act05;Griffith527000_Act06;Griffith527000_Act07;Griffith527000_Act08;Griffith527000_Act09;Griffith527000_Act10;Griffith527000_Act11;Griffith527000_ActAfter_AdjustSpace;Griffith527000Battle_Update;Griffith527000Battle_Terminate;Griffith527000Battle_Interupt	527000;Griffith527000Battle;;1;0;0;0
527100	Super Ornstein	Griffith_large	527100_battle.lua		Griffith_large527100Battle_Activate;Griffith_large527100_Act01;Griffith_large527100_Act02;Griffith_large527100_Act03;Griffith_large527100_Act04;Griffith_large527100_Act05;Griffith_large527100_Act06;Griffith_large527100_Act07;Griffith_large527100_Act08;Griffith_large527100_Act09;Griffith_large527100_Act10;Griffith_large527100_Act11;Griffith_large527100_Act12;Griffith_large527100_Act13;Griffith_large527100_ActAfter_AdjustSpace;Griffith_large527100Battle_Update;Griffith_large527100Battle_Terminate;Griffith_large527100Battle_Interupt	527100;Griffith_large527100Battle;;1;0;0;0
528000	Quelaag	CragSpider	528000_battle.lua		CragSpider528000Battle_Activate;CragSpider528000_Act00;CragSpider528000_Act01;CragSpider528000_Act02;CragSpider528000_Act03;CragSpider528000_Act04;CragSpider528000_Act05;CragSpider528000_Act06;CragSpider528000_Act07;CragSpider528000_Act08;CragSpider528000_Act09;CragSpider528000_Act10;CragSpider528000_Act11;CragSpider528000_GetWellSpace_Act;CragSpider528000Battle_Update;CragSpider528000Battle_Terminate;CragSpider528000Battle_Interupt	528000;CragSpider528000Battle;;1;0;0;0
529000	Seath the Scaleless	WhiteDragon_Seath	529000_battle.lua		WhiteDragon_Seath529000Battle_Activate;WhiteDragon_Seath529000_Act00;WhiteDragon_Seath529000_Act01;WhiteDragon_Seath529000_Act02;WhiteDragon_Seath529000_Act03;WhiteDragon_Seath529000_Act04;WhiteDragon_Seath529000_Act05;WhiteDragon_Seath529000_Act06;WhiteDragon_Seath529000_Act07;WhiteDragon_Seath529000_Act08;WhiteDragon_Seath529000_Act09;WhiteDragon_Seath529000_Act10;WhiteDragon_Seath529000_Act11;WhiteDragon_Seath529000_Act12;WhiteDragon_Seath529000_GetWellSpace_Act;WhiteDragon_Seath529000Battle_Update;WhiteDragon_Seath529000Battle_Terminate;WhiteDragon_Seath529000Battle_Interupt	529000;WhiteDragon_Seath529000Battle;;1;0;0;0
529001	Seath (First Encounter)	WD_Seath_Muteki	529001_battle.lua		WD_Seath_Muteki529001Battle_Activate;WD_Seath_Muteki529001_Act00;WD_Seath_Muteki529001_Act01;WD_Seath_Muteki529001_Act02;WD_Seath_Muteki529001_Act03;WD_Seath_Muteki529001_Act04;WD_Seath_Muteki529001_Act05;WD_Seath_Muteki529001_Act06;WD_Seath_Muteki529001_Act07;WD_Seath_Muteki529001_Act08;WD_Seath_Muteki529001_Act09;WD_Seath_Muteki529001_Act10;WD_Seath_Muteki529001_Act11;WD_Seath_Muteki529001_GetWellSpace_Act;WD_Seath_Muteki529001Battle_Update;WD_Seath_Muteki529001Battle_Terminate;WD_Seath_Muteki529001Battle_Interupt	529001;WD_Seath_Muteki529001Battle;;1;0;0;0
532000	Gwyndolin	ImperialMother	532000_battle.lua		ImperialMother532000Battle_Activate;ImperialMother532000_Act01;ImperialMother532000_Act02;ImperialMother532000_Act03;ImperialMother532000_Act04;ImperialMother532000_Act05;ImperialMother532000_Act06;ImperialMother532000Battle_Update;ImperialMother532000Battle_Terminate;ImperialMother532000Battle_Interupt	532000;ImperialMother532000Battle;;1;0;0;0
535000	Bell Gargoyles	Gargoyle	535000_battle.lua		Gargoyle535000Battle_Activate;Gargoyle535000_Act01;Gargoyle535000_Act02;Gargoyle535000_Act03;Gargoyle535000_Act04;Gargoyle535000_Act05;Gargoyle535000_Act06;Gargoyle535000_Act07;Gargoyle535000_Act08;Gargoyle535000_Act09;Gargoyle535000_Act10;Gargoyle535000_Act11;Gargoyle535000_Act12;Gargoyle535000_Act13;Gargoyle535000_Act14;Gargoyle535000_Act15;Gargoyle535000_Act16;Gargoyle535000_Act17;Gargoyle535000_Act18;Gargoyle535000_Act19;Gargoyle535000_GetWellSpace_Act;OnIf_535000;Gargoyle535000Battle_Update;Gargoyle535000Battle_Terminate;Gargoyle535000Battle_Interupt	535000;Gargoyle535000Battle;;1;0;0;0
535100	Lightning Gargoyles	Gargoyle_m15	535100_battle.lua		Gargoyle_m15_535100Battle_Activate;Gargoyle_m15_535100_Act01;Gargoyle_m15_535100_Act02;Gargoyle_m15_535100_Act03;Gargoyle_m15_535100_Act04;Gargoyle_m15_535100_Act05;Gargoyle_m15_535100_Act06;Gargoyle_m15_535100_Act07;Gargoyle_m15_535100_Act08;Gargoyle_m15_535100_Act09;Gargoyle_m15_535100_Act10;Gargoyle_m15_535100_Act11;Gargoyle_m15_535100_Act12;Gargoyle_m15_535100_Act13;Gargoyle_m15_535100_Act14;Gargoyle_m15_535100_Act15;Gargoyle_m15_535100_Act16;Gargoyle_m15_535100_Act17;Gargoyle_m15_535100_Act18;Gargoyle_m15_535100_GetWellSpace_Act;OnIf_535100;Gargoyle_m15_535100Battle_Update;Gargoyle_m15_535100Battle_Terminate;Gargoyle_m15_535100Battle_Interupt	535100;Gargoyle_m15_535100Battle;;1;0;0;0
536000	Great Feline	LargeCat	536000_battle.lua		LargeCat536000Battle_Activate;LargeCat536000_Act01;LargeCat536000_Act02;LargeCat536000_Act03;LargeCat536000_Act04;LargeCat536000_Act05;LargeCat536000_Act06;LargeCat536000_Act07;LargeCat536000_Act08;LargeCat536000_Act09;LargeCat536000_Act10;LargeCat536000_Act11;LargeCat536000_ActAfter_AdjustSpace;LargeCat536000Battle_Update;LargeCat536000Battle_Terminate;LargeCat536000Battle_Interupt	536000;LargeCat536000Battle;;1;0;0;0
537000	Gwyn	FirewoodKing	537000_battle.lua		FirewoodKing537000Battle_Activate;FirewoodKing537000_Act01;FirewoodKing537000_Act02;FirewoodKing537000_Act03;FirewoodKing537000_Act04;FirewoodKing537000_Act05;FirewoodKing537000_Act06;FirewoodKing537000_Act07;FirewoodKing537000_Act08;FirewoodKing537000_Act09;FirewoodKing537000_GetWellSpace_Act;FirewoodKing537000Battle_Update;FirewoodKing537000Battle_Terminate;FirewoodKing537000Battle_Interupt	537000;FirewoodKing537000Battle;;1;0;0;0
539000	Four Kings	Ja_yearl_demon	539000_battle.lua		Ja_yearl_demon539000Battle_Activate;Ja_yearl_demon539000_Act01;Ja_yearl_demon539000_Act02;Ja_yearl_demon539000_Act03;Ja_yearl_demon539000_Act04;Ja_yearl_demon539000_Act05;Ja_yearl_demon539000_Act06;Ja_yearl_demon539000_Act07;Ja_yearl_demon539000_Act08;Ja_yearl_demon539000_Act09;Ja_yearl_demon539000_Act10;Ja_yearl_demon539000_Act11;Ja_yearl_demon539000_Act12;Ja_yearl_demon539000_Act13;Ja_yearl_demon539000_Act14;Ja_yearl_demon539000_Act15;Ja_yearl_demon539000_Act16;Ja_yearl_demon539000_Act17;Ja_yearl_demon539000_Act18;Ja_yearl_demon539000_Act19;Ja_yearl_demon539000_GetWellSpace_Act;Ja_yearl_demon539000Battle_Update;Ja_yearl_demon539000Battle_Terminate;Ja_yearl_demon539000Battle_Interupt	539000;Ja_yearl_demon539000Battle;;1;0;0;0
540000	Bed of Chaos Arm	Boss_Izalis	540000_battle.lua		Boss_Izalis540000Battle_Activate;Boss_Izalis540000_Act01;Boss_Izalis540000_Act02;Boss_Izalis540000_Act03;Boss_Izalis540000_Act04;Boss_Izalis540000_Act05;Boss_Izalis540000_Act11;Boss_Izalis540000_Act12;Boss_Izalis540000_Act13;Boss_Izalis540000_Act14;Boss_Izalis540000_Act15;Boss_Izalis540000_Act16;Boss_Izalis540000_Act21;Boss_Izalis540000_Act22;Boss_Izalis540000_Act23;Boss_Izalis540000_Act24;Boss_Izalis540000_Act25;Boss_Izalis540000_Act26;Boss_Izalis540000_Act31;Boss_Izalis540000_Act32;Boss_Izalis540000_Act33;Boss_Izalis540000_Act34;Boss_Izalis540000_Act35;Boss_Izalis540000_Act36;Boss_Izalis540000_Act40;Boss_Izalis540000Battle_Update;Boss_Izalis540000Battle_Terminate;Boss_Izalis540000Battle_Interupt	540000;Boss_Izalis540000Battle;;1;0;0;0
